{
  "train_loss": 0.07082557358912059,
  "val_loss": 0.01779742306098342,
  "test_loss": 0.01779742306098342,
  "train_accuracy": [
    20.986394797052657,
    40.671769352186296,
    42.75085102944147,
    48.57142908232553,
    47.62755164078304,
    49.80867448307219,
    52.6020416191646,
    48.405613076119195,
    53.96683769566672,
    55.697280310449145,
    51.47534097943987,
    51.99830006985437,
    55.42517063163576,
    55.17432107811882,
    53.64796008382525,
    55.267858363333204,
    56.56037586075919,
    55.20833461057572,
    56.70918481690543,
    54.01785856201535,
    56.6284023580097,
    51.78571499529339,
    56.551871980939595,
    57.47874237242199,
    57.22364031133198,
    58.375851597104756,
    56.6666678303764,
    55.90986524309431,
    59.73639601752872,
    59.41751854760306,
    56.47108980587551,
    56.60289256345658,
    56.74319863319397,
    57.181123750550405,
    57.8698992729187,
    58.265307545661926,
    57.134354966027395,
    59.64711053030832,
    59.370748627753485,
    56.84949060281118,
    57.02381048883711,
    59.48129353069124,
    55.54847078663962,
    58.60119163990021,
    60.34438808759054,
    56.04591951483772
  ],
  "val_accuracy": [
    27.187500149011612,
    41.25000014901161,
    45.781251043081284,
    55.62500208616257,
    64.84375149011612,
    46.87500037252903,
    69.68750059604645,
    53.12500149011612,
    60.78125014901161,
    63.43750134110451,
    59.843750298023224,
    53.75000163912773,
    77.03125178813934,
    68.43750029802322,
    67.18750298023224,
    72.81250208616257,
    70.15625089406967,
    60.625001043081284,
    69.84374970197678,
    64.68749940395355,
    75.15625208616257,
    69.37500238418579,
    76.25000178813934,
    67.34374910593033,
    77.81250029802322,
    73.7500011920929,
    67.49999970197678,
    75.78125149011612,
    75.46875178813934,
    72.50000238418579,
    70.46875059604645,
    76.56250149011612,
    71.56250178813934,
    68.12500208616257,
    74.21875149011612,
    61.4062525331974,
    75.0,
    70.93750089406967,
    66.7187511920929,
    75.78125149011612,
    66.87500178813934,
    69.0625011920929,
    70.6250011920929,
    74.68750178813934,
    61.406250298023224,
    73.59375059604645
  ]
}