{
  "train_loss": 0.560878577557477,
  "val_loss": 1.2774215936660767,
  "test_loss": 0.9936975359916687,
  "loss": 0.9936975359916687,
  "accuracy": 7.503551244735718,
  "mse": 0.9924682378768921,
  "rmse": 0.9962270259857178,
  "mae": 0.798114538192749,
  "r2": -0.010715246200561523,
  "directional_accuracy": 50.37751677852349
}